{"cameraMode":{"drawMode":0,"name":"Shaded","section":"Shading Mode"},"sceneLighting":true,"audioPlay":false,"sceneViewState":{"m_AlwaysRefresh":false,"showFog":true,"showSkybox":true,"showFlares":true,"showImageEffects":true,"showParticleSystems":true,"showVisualEffectGraphs":true,"m_FxEnabled":true},"in2DMode":false,"pivot":{"x":459.60162353515627,"y":-111.53681182861328,"z":857.683837890625},"rotation":{"x":0.21362343430519105,"y":0.1183435246348381,"z":-0.026186350733041765,"w":0.9694675207138062},"size":12.591283798217774,"orthographic":false}