{"cameraMode":{"drawMode":0,"name":"Shaded","section":"Shading Mode"},"sceneLighting":true,"audioPlay":false,"sceneViewState":{"m_AlwaysRefresh":false,"showFog":true,"showSkybox":true,"showFlares":true,"showImageEffects":true,"showParticleSystems":true,"showVisualEffectGraphs":true,"m_FxEnabled":true},"in2DMode":false,"pivot":{"x":471.24053955078127,"y":-139.5739288330078,"z":1012.9495849609375},"rotation":{"x":-0.17955537140369416,"y":0.10105392336845398,"z":-0.018583718687295915,"w":-0.9784255027770996},"size":31.794614791870118,"orthographic":false}